categoria,nombre,localidad,url_ficha,slug
bodegas,Bodega Cooperativa Albarizas,Trebujena,https://rutadelvinojerez.es/empresas-y-servicios/bodega-cooperativa-albarizas,bodega-cooperativa-albarizas
bodegas,Bodega Gago & Co. Barrels – Wines,Jerez de la Frontera,https://rutadelvinojerez.es/empresas-y-servicios/gago-co-barrels-wines,gago-co-barrels-wines
bodegas,Bodega Mar 7,Sanlúcar de Barrameda,https://rutadelvinojerez.es/empresas-y-servicios/mar-7,mar-7
bodegas,"Bodega, Viña Y Casa Rural Santa Petronila",Jerez de la Frontera,https://rutadelvinojerez.es/empresas-y-servicios/casa-rural-santa-petronila-y-bodega,casa-rural-santa-petronila-y-bodega
bodegas,Bodegas Ac Wines & Spirits – Sucesores...,Sanlúcar de Barrameda,https://rutadelvinojerez.es/empresas-y-servicios/bodegas-ac-wines-spirits-sucesores-de-g-de-angulo,bodegas-ac-wines-spirits-sucesores-de-g-de-angulo
bodegas,Bodegas Altanza,Jerez de la Frontera,https://rutadelvinojerez.es/empresas-y-servicios/bodegas-altanza,bodegas-altanza
bodegas,Bodegas Barbadillo,Sanlúcar de Barrameda,https://rutadelvinojerez.es/empresas-y-servicios/bodegas-barbadillo,bodegas-barbadillo
bodegas,Bodegas Barón,Sanlúcar de Barrameda,https://rutadelvinojerez.es/empresas-y-servicios/bodegas-baron,bodegas-baron
bodegas,Bodegas Caydsa,Sanlúcar de Barrameda,https://rutadelvinojerez.es/empresas-y-servicios/bodegas-caydsa,bodegas-caydsa
bodegas,Bodegas Cayetano Del Pino,Jerez de la Frontera,https://rutadelvinojerez.es/empresas-y-servicios/bodegas-cayetano-del-pino,bodegas-cayetano-del-pino
bodegas,Bodegas Cortijo De Jara,Jerez de la Frontera,https://rutadelvinojerez.es/empresas-y-servicios/bodegas-cortijo-de-jara,bodegas-cortijo-de-jara
bodegas,Bodegas Delgado Zuleta,Sanlúcar de Barrameda,https://rutadelvinojerez.es/empresas-y-servicios/bodegas-delgado-zuleta,bodegas-delgado-zuleta
bodegas,Bodegas Dios Baco,Jerez de la Frontera,https://rutadelvinojerez.es/empresas-y-servicios/bodegas-dios-baco,bodegas-dios-baco
bodegas,Bodegas Díez Mérito,Jerez de la Frontera,https://rutadelvinojerez.es/empresas-y-servicios/bodegas-diez-merito,bodegas-diez-merito
bodegas,Bodegas Espinosa De Los Monteros,Jerez de la Frontera,https://rutadelvinojerez.es/empresas-y-servicios/bodegas-espinosa-de-los-monteros,bodegas-espinosa-de-los-monteros
bodegas,Bodegas Forlong,El Puerto de Santa María,https://rutadelvinojerez.es/empresas-y-servicios/bodegas-forlong,bodegas-forlong
bodegas,Bodegas Fundador,Jerez de la Frontera,https://rutadelvinojerez.es/empresas-y-servicios/bodegas-fundador,bodegas-fundador
bodegas,Bodegas González Byass – Tío Pepe,Jerez de la Frontera,https://rutadelvinojerez.es/empresas-y-servicios/bodegas-gonzalez-byass-tio-pepe,bodegas-gonzalez-byass-tio-pepe
bodegas,Bodegas Gutiérrez Colosía,El Puerto de Santa María,https://rutadelvinojerez.es/empresas-y-servicios/bodegas-gutierrez-colosia,bodegas-gutierrez-colosia
bodegas,Bodegas Halcón,Lebrija,https://rutadelvinojerez.es/empresas-y-servicios/bodegas-halcon,bodegas-halcon
bodegas,Bodegas Herederos De Argüeso,Sanlúcar de Barrameda,https://rutadelvinojerez.es/empresas-y-servicios/bodegas-herederos-de-argueso,bodegas-herederos-de-argueso
bodegas,Bodegas Hidalgo – La Gitana,Sanlúcar de Barrameda,https://rutadelvinojerez.es/empresas-y-servicios/bodegas-hidalgo-la-gitana,bodegas-hidalgo-la-gitana
bodegas,Bodegas Luis Pérez,Jerez de la Frontera,https://rutadelvinojerez.es/empresas-y-servicios/bodegas-luis-perez,bodegas-luis-perez
bodegas,Bodegas Lustau,Jerez de la Frontera,https://rutadelvinojerez.es/empresas-y-servicios/bodegas-lustau,bodegas-lustau
bodegas,Bodegas Manuel Aragón,Chiclana de la Frontera,https://rutadelvinojerez.es/empresas-y-servicios/bodegas-manuel-aragon,bodegas-manuel-aragon
bodegas,Bodegas Miguel Domecq – Entrechuelos,Jerez de la Frontera,https://rutadelvinojerez.es/empresas-y-servicios/bodegas-miguel-domecq-entrechuelos,bodegas-miguel-domecq-entrechuelos
bodegas,Bodegas Osborne,El Puerto de Santa María,https://rutadelvinojerez.es/empresas-y-servicios/bodegas-osborne,bodegas-osborne
bodegas,Bodegas Páez Morilla,Jerez de la Frontera,https://rutadelvinojerez.es/empresas-y-servicios/bodegas-paez-morilla,bodegas-paez-morilla
bodegas,Bodegas Real Tesoro & Valdespino,Jerez de la Frontera,https://rutadelvinojerez.es/empresas-y-servicios/bodegas-real-tesoro-valdespino,bodegas-real-tesoro-valdespino
bodegas,Bodegas Rey Fernando De Castilla,Jerez de la Frontera,https://rutadelvinojerez.es/empresas-y-servicios/bodegas-rey-fernando-de-castilla,bodegas-rey-fernando-de-castilla
bodegas,Bodegas Tradición,Jerez de la Frontera,https://rutadelvinojerez.es/empresas-y-servicios/bodegas-tradicion,bodegas-tradicion
bodegas,Bodegas Williams & Humbert Sau,Jerez de la Frontera,https://rutadelvinojerez.es/empresas-y-servicios/bodegas-williams-humbert-sau,bodegas-williams-humbert-sau
bodegas,Bodegas Yuste,Sanlúcar de Barrameda,https://rutadelvinojerez.es/empresas-y-servicios/bodegas-yuste,bodegas-yuste
bodegas,Bodegas Álvaro Domecq,Jerez de la Frontera,https://rutadelvinojerez.es/empresas-y-servicios/bodegas-alvaro-domecq,bodegas-alvaro-domecq
bodegas,Cooperativa Agrícola Virgen De Palomares,Trebujena,https://rutadelvinojerez.es/empresas-y-servicios/cooperativa-agricola-virgen-de-palomares,cooperativa-agricola-virgen-de-palomares
bodegas,Cooperativa De Viticultores Chiclaneros,Chiclana de la Frontera,https://rutadelvinojerez.es/empresas-y-servicios/cooperativa-de-viticultores-chiclaneros,cooperativa-de-viticultores-chiclaneros
bodegas,Covisan – Cooperativa Vitivinícola Sanluqueña,Sanlúcar de Barrameda,https://rutadelvinojerez.es/empresas-y-servicios/covisan-cooperativa-vitivinicola-sanluquena,covisan-cooperativa-vitivinicola-sanluquena
bodegas,Finca La Pintora,Rota,https://rutadelvinojerez.es/empresas-y-servicios/finca-la-pintora,finca-la-pintora
bodegas,Viña El Carmen,Jerez de la Frontera,https://rutadelvinojerez.es/empresas-y-servicios/vina-el-carmen,vina-el-carmen
bodegas,Viña La Torre,Jerez de la Frontera / El Puerto de Santa María,https://rutadelvinojerez.es/empresas-y-servicios/vina-la-torre-de-balbaina,vina-la-torre-de-balbaina
bodegas,Viñedos Bodega El Piraña,Trebujena,https://rutadelvinojerez.es/empresas-y-servicios/vinedos-bodega-el-pirana,vinedos-bodega-el-pirana
alojamientos,Bbjerez,Jerez de la Frontera,https://rutadelvinojerez.es/empresas-y-servicios/bbjerez,bbjerez
alojamientos,"Bodega, Viña Y Casa Rural Santa Petronila",Jerez de la Frontera,https://rutadelvinojerez.es/empresas-y-servicios/casa-rural-santa-petronila-y-bodega,casa-rural-santa-petronila-y-bodega
alojamientos,Casa Rural Viña Alcántara,Jerez de la Frontera,https://rutadelvinojerez.es/empresas-y-servicios/casa-rural-superior-vina-alcantara,casa-rural-superior-vina-alcantara
alojamientos,Hotel Albariza,Sanlúcar de Barrameda,https://rutadelvinojerez.es/empresas-y-servicios/hotel-albariza,hotel-albariza
alojamientos,Hotel Barceló Montecastillo Golf,Jerez de la Frontera,https://rutadelvinojerez.es/empresas-y-servicios/hotel-barcelo-montecastillo-golf,hotel-barcelo-montecastillo-golf
alojamientos,Hotel Casa Palacio María Luisa,Jerez de la Frontera,https://rutadelvinojerez.es/empresas-y-servicios/hotel-casa-palacio-maria-luisa,hotel-casa-palacio-maria-luisa
alojamientos,Hotel Ibis Jerez,Jerez de la Frontera,https://rutadelvinojerez.es/empresas-y-servicios/hotel-ibis-jerez,hotel-ibis-jerez
alojamientos,Hotel Jerez & Spa,Jerez de la Frontera,https://rutadelvinojerez.es/empresas-y-servicios/hotel-jerez-spa,hotel-jerez-spa
alojamientos,Hotel Puertobahía & Spa,El Puerto de Santa María,https://rutadelvinojerez.es/empresas-y-servicios/hotel-puertobahia-spa,hotel-puertobahia-spa
alojamientos,Hotel Sherry Park,Jerez de la Frontera,https://rutadelvinojerez.es/empresas-y-servicios/hotel-sherry-park,hotel-sherry-park
alojamientos,Hotel Soho Boutique Jerez & Spa,Jerez de la Frontera,https://rutadelvinojerez.es/empresas-y-servicios/hotel-soho-boutique-jerez-spa,hotel-soho-boutique-jerez-spa
alojamientos,La Gitanilla Alojamiento & Encanto,Jerez de la Frontera,https://rutadelvinojerez.es/empresas-y-servicios/la-gitanilla-alojamiento-encanto,la-gitanilla-alojamiento-encanto
alojamientos,Royal Hideaway Sancti Petri,Chiclana de la Frontera,https://rutadelvinojerez.es/empresas-y-servicios/royal-hideaway-sancti-petri,royal-hideaway-sancti-petri
alojamientos,Viña La Bendita Locura,El Puerto de Santa María,https://rutadelvinojerez.es/empresas-y-servicios/la-bendita-locura,la-bendita-locura
restaurantes,Albariza En Las Venas,Jerez de la Frontera,https://rutadelvinojerez.es/empresas-y-servicios/albariza-en-las-venas,albariza-en-las-venas
restaurantes,Atuvera Gastro – Taberna,Jerez de la Frontera,https://rutadelvinojerez.es/empresas-y-servicios/atuvera-gastro-taberna,atuvera-gastro-taberna
restaurantes,Bespoke,El Puerto de Santa María,https://rutadelvinojerez.es/empresas-y-servicios/bespoke,bespoke
restaurantes,Botagorda,Jerez de la Frontera,https://rutadelvinojerez.es/empresas-y-servicios/botagorda,botagorda
restaurantes,Campo De Tiro,Trebujena,https://rutadelvinojerez.es/empresas-y-servicios/campo-de-tiro,campo-de-tiro
restaurantes,Casa María,Jerez de la Frontera,https://rutadelvinojerez.es/empresas-y-servicios/casa-maria,casa-maria
restaurantes,El Gallo Azul,Jerez de la Frontera,https://rutadelvinojerez.es/empresas-y-servicios/el-gallo-azul,el-gallo-azul
restaurantes,La Vermutería Del Sherry – Hipotels Sherry...,Jerez de la Frontera,https://rutadelvinojerez.es/empresas-y-servicios/restaurante-el-abaco-hipotels-sherry-park,restaurante-el-abaco-hipotels-sherry-park
restaurantes,"Lú, Cocina Y Alma",Jerez de la Frontera,https://rutadelvinojerez.es/empresas-y-servicios/lu-cocina-y-alma,lu-cocina-y-alma
restaurantes,Restaurante Albores,Jerez de la Frontera,https://rutadelvinojerez.es/empresas-y-servicios/restaurante-albores,restaurante-albores
restaurantes,Restaurante Aq35 – Hotel Jerez & Spa,Jerez de la Frontera,https://rutadelvinojerez.es/empresas-y-servicios/restaurante-aq35-hotel-jerez-spa,restaurante-aq35-hotel-jerez-spa
restaurantes,Restaurante Bar Juanito,Jerez de la Frontera,https://rutadelvinojerez.es/empresas-y-servicios/restaurante-bar-juanito,restaurante-bar-juanito
restaurantes,Restaurante Casa Bigote Y Taberna,Sanlúcar de Barrameda,https://rutadelvinojerez.es/empresas-y-servicios/3200,3200
restaurantes,Restaurante Casa Fundador – Bodegas Fundador,Jerez de la Frontera,https://rutadelvinojerez.es/empresas-y-servicios/restaurante-casa-fundador,restaurante-casa-fundador
restaurantes,Restaurante El Faro De El Puerto,El Puerto de Santa María,https://rutadelvinojerez.es/empresas-y-servicios/restaurante-el-faro-del-puerto,restaurante-el-faro-del-puerto
restaurantes,Restaurante El Lagar – Barceló Montecastillo...,Jerez de la Frontera,https://rutadelvinojerez.es/empresas-y-servicios/restaurante-el-lagar-barcelo-montecastillo-golf,restaurante-el-lagar-barcelo-montecastillo-golf
restaurantes,Restaurante Entrebotas,Sanlúcar de Barrameda,https://rutadelvinojerez.es/empresas-y-servicios/restaurante-entrebotas,restaurante-entrebotas
restaurantes,Restaurante La Carboná,Jerez de la Frontera,https://rutadelvinojerez.es/empresas-y-servicios/restaurante-la-carbona,restaurante-la-carbona
restaurantes,Restaurante La Cruz Blanca,Jerez de la Frontera,https://rutadelvinojerez.es/empresas-y-servicios/restaurante-la-cruz-blanca,restaurante-la-cruz-blanca
restaurantes,Restaurante T22 – Hotel Casa Palacio María...,Jerez de la Frontera,https://rutadelvinojerez.es/empresas-y-servicios/restaurante-t22,restaurante-t22
restaurantes,Restaurante Toro Tapas,El Puerto de Santa María,https://rutadelvinojerez.es/empresas-y-servicios/restaurante-toro-tapas,restaurante-toro-tapas
restaurantes,Romerijo Cocedero De Mariscos Restaurante –...,El Puerto de Santa María,https://rutadelvinojerez.es/empresas-y-servicios/romerijo-cocedero-de-mariscos-restaurante-cerveceria,romerijo-cocedero-de-mariscos-restaurante-cerveceria
restaurantes,Roneo Bar & Restaurante,Jerez de la Frontera,https://rutadelvinojerez.es/empresas-y-servicios/roneo-bar-restaurante,roneo-bar-restaurante
restaurantes,Salinas De Chiclana,Chiclana de la Frontera,https://rutadelvinojerez.es/empresas-y-servicios/salinas-de-chiclana,salinas-de-chiclana
restaurantes,Tabanco El Pasaje,Jerez de la Frontera,https://rutadelvinojerez.es/empresas-y-servicios/tabanco-el-pasaje,tabanco-el-pasaje
restaurantes,Tabanco Plateros,Jerez de la Frontera,https://rutadelvinojerez.es/empresas-y-servicios/tabanco-plateros,tabanco-plateros
restaurantes,Taberna Der Guerrita,Sanlúcar de Barrameda,https://rutadelvinojerez.es/empresas-y-servicios/taberna-der-guerrita,taberna-der-guerrita
museos,Centro De Interpretación Del Vino Y La Sal,Chiclana de la Frontera,https://rutadelvinojerez.es/empresas-y-servicios/centro-de-interpretacion-del-vino-y-la-sal,centro-de-interpretacion-del-vino-y-la-sal
museos,Cima – Centro De Interpretación De La...,Sanlúcar de Barrameda,https://rutadelvinojerez.es/empresas-y-servicios/cima-centro-de-interpretacion-de-la-manzanilla,cima-centro-de-interpretacion-de-la-manzanilla
museos,Museo De La Manzanilla – Bodegas Barbadillo,Sanlúcar de Barrameda,https://rutadelvinojerez.es/empresas-y-servicios/museo-barbadillo-de-la-manzanilla,museo-barbadillo-de-la-manzanilla
museos,Museo Del Brandy – Bodegas Fundador,Jerez de la Frontera,https://rutadelvinojerez.es/empresas-y-servicios/museo-del-brandy-bodegas-fundador,museo-del-brandy-bodegas-fundador
museos,Museo Del Moscatel,Chipiona,https://rutadelvinojerez.es/empresas-y-servicios/museo-del-moscatel,museo-del-moscatel
museos,Palacio Del Tiempo “Museos De La Atalaya”,Jerez de la Frontera,https://rutadelvinojerez.es/empresas-y-servicios/palacio-del-tiempo-museos-de-la-atalaya,palacio-del-tiempo-museos-de-la-atalaya
museos,The Sherry Gallery,Jerez de la Frontera,https://rutadelvinojerez.es/empresas-y-servicios/the-sherry-gallery,the-sherry-gallery
enotecas,Bodega Mar 7,Sanlúcar de Barrameda,https://rutadelvinojerez.es/empresas-y-servicios/mar-7,mar-7
enotecas,La Casa Del Jerez,Jerez de la Frontera,https://rutadelvinojerez.es/empresas-y-servicios/la-casa-del-jerez,la-casa-del-jerez
enotecas,Taberna Der Guerrita,Sanlúcar de Barrameda,https://rutadelvinojerez.es/empresas-y-servicios/taberna-der-guerrita,taberna-der-guerrita
actividades-y-ocio,Alcántara Ecuestre,Jerez de la Frontera,https://rutadelvinojerez.es/empresas-y-servicios/alcantara-ecuestre,alcantara-ecuestre
actividades-y-ocio,Bbjerez,Jerez de la Frontera,https://rutadelvinojerez.es/empresas-y-servicios/bbjerez,bbjerez
actividades-y-ocio,Castillo De San Marcos,El Puerto de Santa María,https://rutadelvinojerez.es/empresas-y-servicios/castillo-de-san-marcos,castillo-de-san-marcos
actividades-y-ocio,Cádiz En Globo,El Puerto de Santa María,https://rutadelvinojerez.es/empresas-y-servicios/cadiz-en-globo,cadiz-en-globo
actividades-y-ocio,El Bucarito,Rota,https://rutadelvinojerez.es/empresas-y-servicios/el-bucarito,el-bucarito
actividades-y-ocio,Espacio Vors,Jerez de la Frontera,https://rutadelvinojerez.es/empresas-y-servicios/espacio-vors,espacio-vors
actividades-y-ocio,"Flor, La Levadura Del Sherry",Jerez de la Frontera,https://rutadelvinojerez.es/empresas-y-servicios/flor-la-levadura-del-sherry,flor-la-levadura-del-sherry
actividades-y-ocio,Heladería Margarita La Fresca,Jerez de la Frontera / Chipiona / Rota,https://rutadelvinojerez.es/empresas-y-servicios/heladeria-margarita-la-fresca,heladeria-margarita-la-fresca
actividades-y-ocio,Miss Catas,Jerez de la Frontera,https://rutadelvinojerez.es/empresas-y-servicios/miss-catas,miss-catas
actividades-y-ocio,"Museo De La Miel Y Las Abejas, Rancho Cortesano",Jerez de la Frontera,https://rutadelvinojerez.es/empresas-y-servicios/museo-de-la-miel-y-las-abejas-rancho-cortesano,museo-de-la-miel-y-las-abejas-rancho-cortesano
actividades-y-ocio,Rutasiete,Jerez de la Frontera,https://rutadelvinojerez.es/empresas-y-servicios/rutasiete,rutasiete
actividades-y-ocio,Salinas De Chiclana,Chiclana de la Frontera,https://rutadelvinojerez.es/empresas-y-servicios/salinas-de-chiclana,salinas-de-chiclana
actividades-y-ocio,Soleras Y Criaderas,,https://rutadelvinojerez.es/empresas-y-servicios/soleras-y-criaderas,soleras-y-criaderas
actividades-y-ocio,Tablao Flamenco Puro Arte,Jerez de la Frontera,https://rutadelvinojerez.es/empresas-y-servicios/tablao-flamenco-puro-arte,tablao-flamenco-puro-arte
actividades-y-ocio,Tenidiomas,Jerez de la Frontera,https://rutadelvinojerez.es/empresas-y-servicios/tenidiomas,tenidiomas
actividades-y-ocio,Tonelería Antonio Páez Lobato,Jerez de la Frontera,https://rutadelvinojerez.es/empresas-y-servicios/toneleria-antonio-paez-lobato,toneleria-antonio-paez-lobato
actividades-y-ocio,Vinum Enoturismo,Chipiona,https://rutadelvinojerez.es/empresas-y-servicios/vinum-enoturismo,vinum-enoturismo
actividades-y-ocio,Winable,Jerez de la Frontera,https://rutadelvinojerez.es/empresas-y-servicios/winable,winable
actividades-y-ocio,Yeguada La Cartuja,Jerez de la Frontera,https://rutadelvinojerez.es/empresas-y-servicios/yeguada-la-cartuja,yeguada-la-cartuja
agencias,"Surways, Viajes Especializados",Jerez de la Frontera,https://rutadelvinojerez.es/empresas-y-servicios/surways-viajes-especializados,surways-viajes-especializados
caterings,Alcázar Catering,Jerez de la Frontera,https://rutadelvinojerez.es/empresas-y-servicios/alcazar-catering,alcazar-catering
caterings,Gourmet Cobos Catering,Jerez de la Frontera,https://rutadelvinojerez.es/empresas-y-servicios/gourmet-cobos-catering,gourmet-cobos-catering
recursos-culturales,Alcázar De Jerez Y Cámara Oscura,Jerez de la Frontera,https://rutadelvinojerez.es/empresas-y-servicios/alcazar-de-jerez-y-camara-oscura,alcazar-de-jerez-y-camara-oscura
recursos-culturales,Auditorio De La Merced,Sanlúcar de Barrameda,https://rutadelvinojerez.es/empresas-y-servicios/auditorio-de-la-merced,auditorio-de-la-merced
recursos-culturales,Castillo De Chipiona,Chipiona,https://rutadelvinojerez.es/empresas-y-servicios/castillo-de-chipiona,castillo-de-chipiona
recursos-culturales,Castillo De Luna,Rota,https://rutadelvinojerez.es/empresas-y-servicios/castillo-de-luna,castillo-de-luna
recursos-culturales,Castillo De San Marcos,El Puerto de Santa María,https://rutadelvinojerez.es/empresas-y-servicios/castillo-de-san-marcos,castillo-de-san-marcos
recursos-culturales,Castillo De Sancti Petri,Chiclana de la Frontera,https://rutadelvinojerez.es/empresas-y-servicios/castillo-de-sancti-petri,castillo-de-sancti-petri
recursos-culturales,Castillo De Santiago,Sanlúcar de Barrameda,https://rutadelvinojerez.es/empresas-y-servicios/castillo-de-santiago,castillo-de-santiago
recursos-culturales,Catedral De San Salvador,Jerez de la Frontera,https://rutadelvinojerez.es/empresas-y-servicios/catedral-de-san-salvador,catedral-de-san-salvador
recursos-culturales,Circuito De Jerez Ángel Nieto,Jerez de la Frontera,https://rutadelvinojerez.es/empresas-y-servicios/circuito-de-jerez,circuito-de-jerez
recursos-culturales,Claustros De Santo Domingo,Jerez de la Frontera,https://rutadelvinojerez.es/empresas-y-servicios/claustros-de-santo-domingo,claustros-de-santo-domingo
recursos-culturales,Ermita Cristo De Las Misericordias,Chipiona,https://rutadelvinojerez.es/empresas-y-servicios/ermita-cristo-de-las-misericordias,ermita-cristo-de-las-misericordias
recursos-culturales,Ermita De Santa Ana,Chiclana de la Frontera,https://rutadelvinojerez.es/empresas-y-servicios/ermita-de-santa-ana,ermita-de-santa-ana
recursos-culturales,Faro De Chipiona,Chipiona,https://rutadelvinojerez.es/empresas-y-servicios/faro-de-chipiona,faro-de-chipiona
recursos-culturales,Iglesia Mayor Prioral,El Puerto de Santa María,https://rutadelvinojerez.es/empresas-y-servicios/iglesia-mayor-prioral,iglesia-mayor-prioral
recursos-culturales,Iglesia Nuestra Señora De La O,Rota,https://rutadelvinojerez.es/empresas-y-servicios/iglesia-nuestra-senora-de-la-o,iglesia-nuestra-senora-de-la-o
recursos-culturales,Iglesia San Juan Bautista,Chiclana de la Frontera,https://rutadelvinojerez.es/empresas-y-servicios/iglesia-san-juan-bautista,iglesia-san-juan-bautista
recursos-culturales,Iglesia Y Convento De Jesús Nazareno,Chiclana de la Frontera,https://rutadelvinojerez.es/empresas-y-servicios/iglesia-y-convento-de-jesus-nazareno,iglesia-y-convento-de-jesus-nazareno
recursos-culturales,La Cartuja De Jerez,Jerez de la Frontera,https://rutadelvinojerez.es/empresas-y-servicios/la-cartuja-de-jerez,la-cartuja-de-jerez
recursos-culturales,La Torre Del Reloj,Chiclana de la Frontera,https://rutadelvinojerez.es/empresas-y-servicios/la-torre-del-reloj,la-torre-del-reloj
recursos-culturales,Museo Arqueológico De Jerez,Jerez de la Frontera,https://rutadelvinojerez.es/empresas-y-servicios/museo-arqueologico-de-jerez,museo-arqueologico-de-jerez
recursos-culturales,Palacio De Los Duques De Medina Sidonia,Sanlúcar de Barrameda,https://rutadelvinojerez.es/empresas-y-servicios/palacio-de-los-duques-de-medina-sidonia,palacio-de-los-duques-de-medina-sidonia
recursos-culturales,Palacio De Orleans-Borbón,Sanlúcar de Barrameda,https://rutadelvinojerez.es/empresas-y-servicios/palacio-de-orleans-borbon,palacio-de-orleans-borbon
recursos-culturales,Palacio Del Tiempo “Museos De La Atalaya”,Jerez de la Frontera,https://rutadelvinojerez.es/empresas-y-servicios/palacio-del-tiempo-museos-de-la-atalaya,palacio-del-tiempo-museos-de-la-atalaya
recursos-culturales,Parroquia Nuestra Señora De La O,Chipiona,https://rutadelvinojerez.es/empresas-y-servicios/parroquia-nuestra-senora-de-la-o,parroquia-nuestra-senora-de-la-o
recursos-culturales,Real Plaza De Toros,El Puerto de Santa María,https://rutadelvinojerez.es/empresas-y-servicios/real-plaza-de-toros,real-plaza-de-toros
recursos-culturales,Santuario Nuestra Señora De Regla,Chipiona,https://rutadelvinojerez.es/empresas-y-servicios/santuario-nuestra-senora-de-regla,santuario-nuestra-senora-de-regla
recursos-culturales,Teatro Villamarta,Jerez de la Frontera,https://rutadelvinojerez.es/empresas-y-servicios/teatro-villamarta,teatro-villamarta
recursos-naturales,Centro Recuperación La Mayetería,Rota,https://rutadelvinojerez.es/empresas-y-servicios/centro-recuperacion-la-mayeteria,centro-recuperacion-la-mayeteria
recursos-naturales,Dunas Y Pinares De San Antón,El Puerto de Santa María,https://rutadelvinojerez.es/empresas-y-servicios/dunas-y-pinares-de-san-anton,dunas-y-pinares-de-san-anton
recursos-naturales,El Bucarito,Rota,https://rutadelvinojerez.es/empresas-y-servicios/el-bucarito,el-bucarito
recursos-naturales,El Cordón Dunar,Chipiona,https://rutadelvinojerez.es/empresas-y-servicios/el-cordon-dunar,el-cordon-dunar
recursos-naturales,El Pinar De La Villa,Chipiona,https://rutadelvinojerez.es/empresas-y-servicios/el-pinar-de-la-villa,el-pinar-de-la-villa
recursos-naturales,Laguna De Medina,Jerez de la Frontera,https://rutadelvinojerez.es/empresas-y-servicios/laguna-de-medina,laguna-de-medina
recursos-naturales,Marismas De Bonanza,Sanlúcar de Barrameda,https://rutadelvinojerez.es/empresas-y-servicios/marismas-de-bonanza,marismas-de-bonanza
recursos-naturales,"Museo De La Miel Y Las Abejas, Rancho Cortesano",Jerez de la Frontera,https://rutadelvinojerez.es/empresas-y-servicios/museo-de-la-miel-y-las-abejas-rancho-cortesano,museo-de-la-miel-y-las-abejas-rancho-cortesano
recursos-naturales,Parque De Los Alcornocales,Jerez de la Frontera,https://rutadelvinojerez.es/empresas-y-servicios/parque-de-los-alcornocales,parque-de-los-alcornocales
recursos-naturales,Parque Nacional De Doñana,Sanlúcar de Barrameda,https://rutadelvinojerez.es/empresas-y-servicios/parque-nacional-de-donana,parque-nacional-de-donana
recursos-naturales,Parque Natural Bahía De Cádiz,Chiclana de la Frontera,https://rutadelvinojerez.es/empresas-y-servicios/parque-natural-bahia-de-cadiz,parque-natural-bahia-de-cadiz
recursos-naturales,Parque Natural De Los Toruños Y Pinar De La...,El Puerto de Santa María,https://rutadelvinojerez.es/empresas-y-servicios/parque-natural-de-los-torunos-y-pinar-de-la-algaida,parque-natural-de-los-torunos-y-pinar-de-la-algaida
recursos-naturales,Pinares De Chiclana,Chiclana de la Frontera,https://rutadelvinojerez.es/empresas-y-servicios/pinares-de-chiclana,pinares-de-chiclana
recursos-naturales,Playas De Chiclana,Chiclana de la Frontera,https://rutadelvinojerez.es/empresas-y-servicios/playas-de-chiclana,playas-de-chiclana
recursos-naturales,Playas De Chipiona,Chipiona,https://rutadelvinojerez.es/empresas-y-servicios/playas-de-chipiona,playas-de-chipiona
recursos-naturales,Playas De El Puerto De Santa María,El Puerto de Santa María,https://rutadelvinojerez.es/empresas-y-servicios/playas-de-el-puerto-de-santa-maria,playas-de-el-puerto-de-santa-maria
recursos-naturales,Playas De Rota,Rota,https://rutadelvinojerez.es/empresas-y-servicios/playas-de-rota,playas-de-rota
recursos-naturales,Playas De Sanlúcar,Sanlúcar de Barrameda,https://rutadelvinojerez.es/empresas-y-servicios/playas-de-sanlucar,playas-de-sanlucar
recursos-naturales,Salinas De La Tapa,El Puerto de Santa María,https://rutadelvinojerez.es/empresas-y-servicios/salinas-de-la-tapa,salinas-de-la-tapa
recursos-naturales,Zoobotánico De Jerez,Jerez de la Frontera,https://rutadelvinojerez.es/empresas-y-servicios/zoobotanico-de-jerez,zoobotanico-de-jerez
turismo-accesible,Bodegas Fundador,Jerez de la Frontera,https://rutadelvinojerez.es/empresas-y-servicios/bodegas-fundador,bodegas-fundador
turismo-accesible,Bodegas Osborne,El Puerto de Santa María,https://rutadelvinojerez.es/empresas-y-servicios/bodegas-osborne,bodegas-osborne
turismo-accesible,Bodegas Páez Morilla,Jerez de la Frontera,https://rutadelvinojerez.es/empresas-y-servicios/bodegas-paez-morilla,bodegas-paez-morilla
turismo-accesible,Centro De Interpretación Del Vino Y La Sal,Chiclana de la Frontera,https://rutadelvinojerez.es/empresas-y-servicios/centro-de-interpretacion-del-vino-y-la-sal,centro-de-interpretacion-del-vino-y-la-sal
turismo-accesible,Hotel Ibis Jerez,Jerez de la Frontera,https://rutadelvinojerez.es/empresas-y-servicios/hotel-ibis-jerez,hotel-ibis-jerez
turismo-accesible,Restaurante El Faro De El Puerto,El Puerto de Santa María,https://rutadelvinojerez.es/empresas-y-servicios/restaurante-el-faro-del-puerto,restaurante-el-faro-del-puerto
