bodega,estado,precio_eur,tipo_probable,confianza,contexto,url,metodo,fecha_consulta
Bodega Cooperativa Albarizas,spa,,,,,https://vinosdealbarizas.com/,,2026-07-22
Bodega Gago & Co. Barrels – Wines,ok,24.0,visita + cata,alta,s de visitas diferentes: VISITAS Y CATAS VISITA GENERAL Ver más VG VISITA GENERAL Precio: 24.00€ VISITA CON QUESOS Ver más VCQ VISITA CON QUESOS Precio: 35.00€ VISITA CON IBÉRICOS Y QUES,https://gagobarrels.com/visitanos/,navegador,2026-07-22
Bodega Gago & Co. Barrels – Wines,ok,35.0,visita,alta,VG VISITA GENERAL Precio: 24.00€ VISITA CON QUESOS Ver más VCQ VISITA CON QUESOS Precio: 35.00€ VISITA CON IBÉRICOS Y QUESOS Ver más VCI VISITA CON IBÉRICOS Y QUESOS Precio: 49.00€ VISI,https://gagobarrels.com/visitanos/,navegador,2026-07-22
Bodega Gago & Co. Barrels – Wines,ok,49.0,cata premium,alta,cio: 35.00€ VISITA CON IBÉRICOS Y QUESOS Ver más VCI VISITA CON IBÉRICOS Y QUESOS Precio: 49.00€ VISITA PREMIUM RON DEL BARRILITO Ver más VPR VISITA PREMIUM RON DEL BARRILITO Precio: 75.,https://gagobarrels.com/visitanos/,navegador,2026-07-22
Bodega Gago & Co. Barrels – Wines,ok,75.0,cata premium,alta,00€ VISITA PREMIUM RON DEL BARRILITO Ver más VPR VISITA PREMIUM RON DEL BARRILITO Precio: 75.00€ Created with Sketch. 0 Eventos disponibles Filtros No se encuentran resultados... Tour pr,https://gagobarrels.com/visitanos/,navegador,2026-07-22
Bodega Mar 7,ok,13.0,visita + cata,alta,Catas Contacto Bodegas Instagram Facebook Seleccionar página EST. BODEGA 1840 Manzanilla 13€ Manzanilla pasada 15€ Mar 7 ofrece al consumidor una cuidadosa selección de los mejores,http://despachodevinosmar7.com/,requests,2026-07-22
Bodega Mar 7,ok,15.0,sin clasificar,baja,s Instagram Facebook Seleccionar página EST. BODEGA 1840 Manzanilla 13€ Manzanilla pasada 15€ Mar 7 ofrece al consumidor una cuidadosa selección de los mejores vinos de la zona. Vino,http://despachodevinosmar7.com/,requests,2026-07-22
Bodega Mar 7,ok,26.4,visita + cata,alta,"blemático y con la mejor calidad. Consultanos por las catas personalizadas Pedro Ximénez 26,40€ Amontillado 26,40€ La gama está compuesta por manzanillas, olorosos, amontillados, pedro",http://despachodevinosmar7.com/,requests,2026-07-22
Bodega Mar 7,ok,26.4,visita + cata,alta,"mejor calidad. Consultanos por las catas personalizadas Pedro Ximénez 26,40€ Amontillado 26,40€ La gama está compuesta por manzanillas, olorosos, amontillados, pedro ximénez y vinos vie",http://despachodevinosmar7.com/,requests,2026-07-22
Bodega Mar 7,ok,26.4,sin clasificar,baja,"ro ximénez y vinos viejos, algunos de los cuales, nunca han sido comercializados. Oloroso 26,40€ La gama está compuesta por manzanillas, olorosos, amontillados, Pedro Ximénez y vinos vie",http://despachodevinosmar7.com/,requests,2026-07-22
"Bodega, Viña Y Casa Rural Santa Petronila",ok,30.0,visita + cata,alta,visitas y catas*: Agosto: Martes 11h y Jueves 19h Resto del año: Domingos 11h Precio: 15–30 euros en función de número de vinos y personas * Sujeto a confirmación y preinscripción. Consul,https://santapetronila.com/visitas/,requests,2026-07-22
Bodegas Ac Wines & Spirits – Sucesores...,ok,40.0,visita + cata,alta,"isita con cata dura aproximadamente 1:30 horas AFORO Mínimo 8 personas / Máximo 20 PRECIO 40€ por persona. QUÉ Incluye: Contextualización histórica, explicación procesos tradicionales",https://acwines.es/visitas-y-catas/,navegador,2026-07-22
Bodegas Altanza,fetch_error,,,,,https://galeriadeljerez.com/,,2026-07-22
Bodegas Barbadillo,ok,45.0,visita + cata,alta,adillo – Incluye Aperitivos Previa reserva y bajo disponibilidad. Horario a acordar Cata: 45 € por persona Cata + visita: 65 € por persona Sin tiempo establecido Reservar Biológica Vin,https://www.barbadillo.com/visita-catas-especiales/,requests,2026-07-22
Bodegas Barbadillo,ok,65.0,visita + cata,alta,ia reserva y bajo disponibilidad. Horario a acordar Cata: 45 € por persona Cata + visita: 65 € por persona Sin tiempo establecido Reservar Biológica Vinos: Barbadillo Blanco | Trinidad,https://www.barbadillo.com/visita-catas-especiales/,requests,2026-07-22
Bodegas Barbadillo,ok,50.0,visita + cata,alta,íncipe – Incluye Aperitivos Previa reserva y bajo disponibilidad. Horario a acordar Cata: 50€ por persona Cata + visita: 70€ por persona Sin tiempo establecido Reservar Tipologías del,https://www.barbadillo.com/visita-catas-especiales/,requests,2026-07-22
Bodegas Barbadillo,ok,70.0,visita + cata,alta,via reserva y bajo disponibilidad. Horario a acordar Cata: 50€ por persona Cata + visita: 70€ por persona Sin tiempo establecido Reservar Tipologías del Marco Vinos: Mirabrás | Manzan,https://www.barbadillo.com/visita-catas-especiales/,requests,2026-07-22
Bodegas Barbadillo,ok,60.0,visita + cata,alta,Cilla – Incluye Aperitivos Previa reserva y bajo disponibilidad. Horario a acordar Cata: 60€ por persona Cata + visita: 80€ por persona Sin tiempo establecido Reservar Tipologías del,https://www.barbadillo.com/visita-catas-especiales/,requests,2026-07-22
Bodegas Barbadillo,ok,80.0,visita + cata,alta,via reserva y bajo disponibilidad. Horario a acordar Cata: 60€ por persona Cata + visita: 80€ por persona Sin tiempo establecido Reservar Tipologías del Marco con Vinos Viejos Vinos:,https://www.barbadillo.com/visita-catas-especiales/,requests,2026-07-22
Bodegas Barbadillo,ok,70.0,visita + cata,alta,o VORS – Incluye Aperitivos Previa reserva y bajo disponibilidad. Horario a acordar Cata: 70€ por persona Cata + visita: 90 € por persona Sin tiempo establecido Reservar Vinos Viejos,https://www.barbadillo.com/visita-catas-especiales/,requests,2026-07-22
Bodegas Barbadillo,ok,90.0,visita + cata,alta,via reserva y bajo disponibilidad. Horario a acordar Cata: 70€ por persona Cata + visita: 90 € por persona Sin tiempo establecido Reservar Vinos Viejos Incluyendo Reliquia Vinos: Mirab,https://www.barbadillo.com/visita-catas-especiales/,requests,2026-07-22
Bodegas Barbadillo,ok,100.0,visita + cata,alta,0 años – Incluye Aperitivos Previa reserva y bajo disponibilidad. Horario a acordar Cata: 100€ por persona Cata + visita: 120€ por persona Sin tiempo establecido Reservar Información y,https://www.barbadillo.com/visita-catas-especiales/,requests,2026-07-22
Bodegas Barbadillo,ok,120.0,visita + cata,alta,ia reserva y bajo disponibilidad. Horario a acordar Cata: 100€ por persona Cata + visita: 120€ por persona Sin tiempo establecido Reservar Información y reservas Teléfono : 956 385 521,https://www.barbadillo.com/visita-catas-especiales/,requests,2026-07-22
Bodegas Barbadillo,ok,40.0,visita,alta,": bajo a alto Ordenar por precio: alto a bajo Tarjeta de regalo Visita Bodegas Barbadillo 40,00 € Añadir ¿Dudas con tu reserva? Puedes consultarnos en: Teléfonos de contacto: 956 38 55 21",https://www.barbadillo.com/experiencias/,requests,2026-07-22
Bodegas Barbadillo,ok,5.0,visita,alta,a guiada al Museo + 1 copa de Manzanilla (solo grupos) Previa Reserva Precio por persona: 5€ (niños gratis) Duración: 30 min Visita guiada a Bodegas + Degustación 3 vinos Conoce Bode,https://www.barbadillo.com/visitas-bodegas-barbadillo/,requests,2026-07-22
Bodegas Barbadillo,ok,20.0,visita,alta,:00 h Español Viernes Visitas nocturnas: 19.00 h Español Domingos 12:00 h Español Adulto: 20 €. Niños >13 años: 5 €. Niños <13 años: Gratis. Duración: 1 h 30 min Reservar Visita Museo,https://www.barbadillo.com/visitas-bodegas-barbadillo/,requests,2026-07-22
Bodegas Barbadillo,ok,5.0,visita,alta,Visitas nocturnas: 19.00 h Español Domingos 12:00 h Español Adulto: 20 €. Niños >13 años: 5 €. Niños <13 años: Gratis. Duración: 1 h 30 min Reservar Visita Museo de la Manzanilla Visi,https://www.barbadillo.com/visitas-bodegas-barbadillo/,requests,2026-07-22
Bodegas Barbadillo,ok,30.0,visita privada,alta,aracterísticos. Previa reserva. Mínimo 10 personas. Horario a acordar Precio por persona: 30 € Duración: 1 h 30 min Reservar Visita privada a Bodegas + Degustación 3 vinos + Aperitivos,https://www.barbadillo.com/visitas-bodegas-barbadillo/,requests,2026-07-22
Bodegas Barbadillo,ok,40.0,visita + cata,alta,vo de ibéricos. Previa reserva. Mínimo 10 personas. Horario a acordar Precio por persona: 40 € Duración: 2 h Reservar Visita + Catas Especiales Descubre Barbadillo a través de una visi,https://www.barbadillo.com/visitas-bodegas-barbadillo/,requests,2026-07-22
Bodegas Barbadillo,ok,45.0,sin clasificar,baja,tivos ibéricos. Previa reserva. Mínimo 10 personas. Horario a acordar Precio por persona: 45€ Duración: 2 h Reservar Reserva para eventos Espacios únicos Bodegas y jardines para la re,https://www.barbadillo.com/visitas-bodegas-barbadillo/,requests,2026-07-22
Bodegas Barón,sin_precio,,,,,https://bodegasbaron.es/,,2026-07-22
Bodegas Caydsa,ok,15.0,visita,alta,a: Español • Horario: Sábados a las 12h (Consulte disponibilidad para otro día) • Precio: 15€/pax • Reserva: Imprescindible reserva previa Telf.: 630765483; mail: visitasbodegascaydsa,https://www.caydsa.es/cooperativa-caydsa-visitas/,requests,2026-07-22
Bodegas Cayetano Del Pino,ok,15.0,visita + cata,alta,ga Tipo de entrada Tipo Vinos de la Cata Vinos Precio € Visita a Museo (cata no incluída) 15.00€ Visita a Museo + Cata de 2 vinos Amontillado y Cream 20.00€ Visita a Museo + Cata de 4 vi,https://cayetanodelpino.com/visitas,requests,2026-07-22
Bodegas Cayetano Del Pino,ok,20.0,visita + cata,alta,"ta a Museo (cata no incluída) 15.00€ Visita a Museo + Cata de 2 vinos Amontillado y Cream 20.00€ Visita a Museo + Cata de 4 vinos Fino, Amontillado, Palo Cortado y Cream 25.00€ Visita a",https://cayetanodelpino.com/visitas,requests,2026-07-22
Bodegas Cayetano Del Pino,ok,25.0,visita + cata,alta,"o y Cream 20.00€ Visita a Museo + Cata de 4 vinos Fino, Amontillado, Palo Cortado y Cream 25.00€ Visita a Museo + Cata de 2 VOS Amontillado VOS y Palo Cortado VOS 30.00€ Visita a Museo +",https://cayetanodelpino.com/visitas,requests,2026-07-22
Bodegas Cayetano Del Pino,ok,30.0,visita + cata,alta,Cortado y Cream 25.00€ Visita a Museo + Cata de 2 VOS Amontillado VOS y Palo Cortado VOS 30.00€ Visita a Museo + Cata de 2 VORS Amontillado VORS y Palo Cortado VORS 50.00€ Todas las cat,https://cayetanodelpino.com/visitas,requests,2026-07-22
Bodegas Cayetano Del Pino,ok,50.0,visita + cata,alta,o Cortado VOS 30.00€ Visita a Museo + Cata de 2 VORS Amontillado VORS y Palo Cortado VORS 50.00€ Todas las catas incluyen un aperitivo salado de frutos secos . Accesible para personas co,https://cayetanodelpino.com/visitas,requests,2026-07-22
Bodegas Cayetano Del Pino,ok,7.5,visita,alta,ar la documentación adecuada el día de la visita. Menores de 7 años Gratis De 7 a 12 años 7.50€ Estudiantes/Carné Joven/13 a 17 años -20% Jubilados -30% Estudiantes UCA (Universidad de,https://cayetanodelpino.com/visitas,requests,2026-07-22
Bodegas Cayetano Del Pino,ok,20.0,visita + cata,alta,"sita : Visita completa con cata de dos vinos : Amontillado Solera y Cream, a un precio de 20 euros. Visita completa con cata de cuatro vinos : Fino, Amontillado Solera, Palo Cortado Solera",https://cayetanodelpino.com/visitas,requests,2026-07-22
Bodegas Cayetano Del Pino,ok,25.0,visita + cata,alta,"a de cuatro vinos : Fino, Amontillado Solera, Palo Cortado Solera y Cream, a un precio de 25 euros. Visita completa con cata de dos vinos VOS : Amontillado VOS y Palo Cortado VOS, a un pre",https://cayetanodelpino.com/visitas,requests,2026-07-22
Bodegas Cayetano Del Pino,ok,30.0,visita + cata,alta,"a completa con cata de dos vinos VOS : Amontillado VOS y Palo Cortado VOS, a un precio de 30 euros. Visita completa con cata de dos vinos VORS : Amontillado VORS y Palo Cortado VORS, a un",https://cayetanodelpino.com/visitas,requests,2026-07-22
Bodegas Cayetano Del Pino,ok,50.0,visita + cata,alta,"ompleta con cata de dos vinos VORS : Amontillado VORS y Palo Cortado VORS, a un precio de 50 euros. Tan solo la visita completa no incluye cata de vinos, y tiene un precio de 15 euros. ¿En",https://cayetanodelpino.com/visitas,requests,2026-07-22
Bodegas Cayetano Del Pino,ok,15.0,visita + cata,alta,"o de 50 euros. Tan solo la visita completa no incluye cata de vinos, y tiene un precio de 15 euros. ¿En qué idiomas se hace la visita a la bodega? Las visitas se realizan en los idiomas: E",https://cayetanodelpino.com/visitas,requests,2026-07-22
Bodegas Cayetano Del Pino,ok,15.0,visita + cata,alta,da Tipo de entrada Tipo Vinos de la Cata Vinos Precio € Visita a Museo (cata no incluída) 15.00€ Visita a Museo + Cata de 2 vinos Amontillado y Cream 20.00€ Visita a Museo + Cata de 4 vi,https://cayetanodelpino.com/visitas/regala-una-experiencia-bodeguera,requests,2026-07-22
Bodegas Cortijo De Jara,sin_precio,,,,,https://cortijodejara.es/,,2026-07-22
Bodegas Dios Baco,sin_precio,,,,,https://bodegasdiosbaco.com/,,2026-07-22
Bodegas Díez Mérito,sin_precio,,,,,https://diezmerito.com/,,2026-07-22
Bodegas Espinosa De Los Monteros,sin_precio,,,,,https://www.bodegasespinosadelosmonteros.com/,,2026-07-22
Bodegas Forlong,ok,26.0,visita + cata,alta,"y su enclave único Zona de elaboración Sala de crianza Cata de 3 vinos ~1,5h de duración 26€/persona Esp-Ing-Fra Ubicación Ctra. de Jerez-Rota, Km 5 – 11500 El Pto. Sta. María, Cádiz",https://bodegadeforlong.com/visitas_reservas/,requests,2026-07-22
Bodegas Forlong,ok,50.0,sin clasificar,baja,"viernes de julio y agosto. 🕗 Horario: De 20:00 h a 23:00 h. 💬 Idioma: Español. 💶 Precio: 50 € por persona. Ubicación Ctra. de Jerez-Rota, Km 5 – 11500 El Pto. Sta. María, Cádiz. (Fren",https://bodegadeforlong.com/visitas_atardecer/,requests,2026-07-22
Bodegas Fundador,ok,52.0,cata premium,alta,llota sobre crema de salmorejo Fundador Supremo 15 YO Amontillado Premium Tocino de cielo 52€/ PAX FUNDADOR PRESTIGE Fino Torre de Macharnudo Jamón Ibérico de bellota Enrique Tomás Ha,https://brandyfundador.com/casa-fundador/,navegador,2026-07-22
Bodegas Fundador,ok,95.0,visita con gastronomía/maridaje,alta,"r Especial Tiramisú al instante con Fundador Sherry Cask Cóctel Fundador Negroni Macarons 95€/ PAX JEREZ CAPITALIDAD GASTRONÓMICA Magas by Fundador (Fundador Sherry Cask Doble Madera,",https://brandyfundador.com/casa-fundador/,navegador,2026-07-22
Bodegas Fundador,ok,55.0,visita,alta,laseada al Fundador Triple Madera Terry Espresso Trifle jerezano al Harveys Bristol Cream 55€/ PAX La Carta de Restaurante Casa Fundador 2025 Nuestros servicios Visita bodega Casa Fun,https://brandyfundador.com/casa-fundador/,navegador,2026-07-22
Bodegas González Byass – Tío Pepe,ok,42.0,visita,alta,"ectáculo ecuestre acompañado de 2 vinos y tapas. Disponible todos los miércoles de Agosto 42,00 € por adulto Reserva ahora Image Visita especial Luxury Verano Disfruta los sábados de Juli",https://www.tiopepe.com/es-es/experiencias,requests,2026-07-22
Bodegas González Byass – Tío Pepe,ok,98.0,visita con gastronomía/maridaje,alta,"n cata en el botellero histórico y almuerzo maridado en nuestro Restaurante Pedro Nolasco 98,00 € por adulto Reserva ahora Image Experiencia Tio Pepe Visita guiada y degustación de 2 tipo",https://www.tiopepe.com/es-es/experiencias,requests,2026-07-22
Bodegas González Byass – Tío Pepe,ok,25.5,experiencia,alta,"Reserva ahora Image Experiencia Tio Pepe Visita guiada y degustación de 2 tipos de vinos. 25,50 € por adulto Reservar ahora Image Visita Tio Pepe y olé Gildas con queso Visita guiada y de",https://www.tiopepe.com/es-es/experiencias,requests,2026-07-22
Bodegas González Byass – Tío Pepe,ok,27.5,visita,alta,"olé Gildas con queso Visita guiada y degustación de 2 tipos de vinos con gildas y quesos 27,50 € por adulto Reservar ahora Image Los colores del Jerez Visita guiada y degustación de 4 vi",https://www.tiopepe.com/es-es/experiencias,requests,2026-07-22
Bodegas González Byass – Tío Pepe,ok,28.5,visita,alta,"servar ahora Image Los colores del Jerez Visita guiada y degustación de 4 vinos de Jerez. 28,50 € por adulto Reservar ahora Image Visita entre tapas Visita guiada y degustación de 2 tipos",https://www.tiopepe.com/es-es/experiencias,requests,2026-07-22
Bodegas González Byass – Tío Pepe,ok,30.5,visita,alta,"ahora Image Visita entre tapas Visita guiada y degustación de 2 tipos de vinos y ""tapas"". 30,50 € por adulto Reservar ahora Image Entre vinos y tapas Visita guiada y degustación de 4 vino",https://www.tiopepe.com/es-es/experiencias,requests,2026-07-22
Bodegas González Byass – Tío Pepe,ok,33.5,cata premium,alta,"eservar ahora Image Entre vinos y tapas Visita guiada y degustación de 4 vinos y ""tapas"". 33,50 € por adulto Reservar ahora Image Visita Premium VORS Visita a la bodega con degustación de",https://www.tiopepe.com/es-es/experiencias,requests,2026-07-22
Bodegas González Byass – Tío Pepe,ok,50.0,cata premium,alta,"e Visita Premium VORS Visita a la bodega con degustación de Fino Tio Pepe y 4 vinos VORS. 50,00 € por adulto Reservar ahora Image Sherry Cask Visita guiada y Degustación de Fino Tio Pepe,",https://www.tiopepe.com/es-es/experiencias,requests,2026-07-22
Bodegas González Byass – Tío Pepe,ok,50.0,visita + cata,alta,"y Cask Visita guiada y Degustación de Fino Tio Pepe, Brandy Lepanto Gran Reserva y Nomad. 50,00 € por adulto Reservar ahora Catas Si además de conocer las bodegas quieres sorprenderte con",https://www.tiopepe.com/es-es/experiencias,requests,2026-07-22
Bodegas Gutiérrez Colosía,sin_precio,,,,,http://www.gutierrezcolosia.com/,,2026-07-22
Bodegas Halcón,spa,,,,,https://www.bodegashalcon.es/,,2026-07-22
Bodegas Herederos De Argüeso,sin_precio,,,,,https://herederosdeargueso.com/,,2026-07-22
Bodegas Hidalgo – La Gitana,ok,3.7,sin clasificar,baja,"Triana spritz Vermut Vino Blanco VORS VOS Quizás te pueda interesar Manzanilla La Gitana 3,70 € - 6,90 € Rango de precios: desde 3,70 € hasta 6,90 € Manzanilla La Gitana en Rama 6,50 €",https://bodegashidalgolagitana.com/shop,requests,2026-07-22
Bodegas Hidalgo – La Gitana,ok,6.9,sin clasificar,baja,"pritz Vermut Vino Blanco VORS VOS Quizás te pueda interesar Manzanilla La Gitana 3,70 € - 6,90 € Rango de precios: desde 3,70 € hasta 6,90 € Manzanilla La Gitana en Rama 6,50 € - 12,50 €",https://bodegashidalgolagitana.com/shop,requests,2026-07-22
Bodegas Hidalgo – La Gitana,ok,3.7,sin clasificar,baja,"OS Quizás te pueda interesar Manzanilla La Gitana 3,70 € - 6,90 € Rango de precios: desde 3,70 € hasta 6,90 € Manzanilla La Gitana en Rama 6,50 € - 12,50 € Rango de precios: desde 6,50 €",https://bodegashidalgolagitana.com/shop,requests,2026-07-22
Bodegas Hidalgo – La Gitana,ok,6.9,sin clasificar,baja,"pueda interesar Manzanilla La Gitana 3,70 € - 6,90 € Rango de precios: desde 3,70 € hasta 6,90 € Manzanilla La Gitana en Rama 6,50 € - 12,50 € Rango de precios: desde 6,50 € hasta 12,50",https://bodegashidalgolagitana.com/shop,requests,2026-07-22
Bodegas Hidalgo – La Gitana,ok,6.5,sin clasificar,baja,"3,70 € - 6,90 € Rango de precios: desde 3,70 € hasta 6,90 € Manzanilla La Gitana en Rama 6,50 € - 12,50 € Rango de precios: desde 6,50 € hasta 12,50 € Manzanilla Pasada Pastrana 15,75 €",https://bodegashidalgolagitana.com/shop,requests,2026-07-22
Bodegas Hidalgo – La Gitana,ok,12.5,sin clasificar,baja,"6,90 € Rango de precios: desde 3,70 € hasta 6,90 € Manzanilla La Gitana en Rama 6,50 € - 12,50 € Rango de precios: desde 6,50 € hasta 12,50 € Manzanilla Pasada Pastrana 15,75 € NUESTRAS",https://bodegashidalgolagitana.com/shop,requests,2026-07-22
Bodegas Hidalgo – La Gitana,ok,6.5,sin clasificar,baja,"3,70 € hasta 6,90 € Manzanilla La Gitana en Rama 6,50 € - 12,50 € Rango de precios: desde 6,50 € hasta 12,50 € Manzanilla Pasada Pastrana 15,75 € NUESTRAS MANZANILLAS Menú Manzanilla La",https://bodegashidalgolagitana.com/shop,requests,2026-07-22
Bodegas Hidalgo – La Gitana,ok,12.5,sin clasificar,baja,"6,90 € Manzanilla La Gitana en Rama 6,50 € - 12,50 € Rango de precios: desde 6,50 € hasta 12,50 € Manzanilla Pasada Pastrana 15,75 € NUESTRAS MANZANILLAS Menú Manzanilla La Gitana Manzani",https://bodegashidalgolagitana.com/shop,requests,2026-07-22
Bodegas Hidalgo – La Gitana,ok,15.75,sin clasificar,baja,"6,50 € - 12,50 € Rango de precios: desde 6,50 € hasta 12,50 € Manzanilla Pasada Pastrana 15,75 € NUESTRAS MANZANILLAS Menú Manzanilla La Gitana Manzanilla La Gitana en Rama Manzanilla La",https://bodegashidalgolagitana.com/shop,requests,2026-07-22
Bodegas Hidalgo – La Gitana,ok,39.9,visita + cata,alta,"Restaurante Entrebotas Eventos Evento Triana Spritz Contacto 0,00 € 0 Cart CATA PARA DOS 39,90 € Regala una visita guiada con cata de cinco vinos con copa en mano. Un paseo por nuestras",https://bodegashidalgolagitana.com/visitas/bonos/,requests,2026-07-22
Bodegas Luis Pérez,sin_precio,,,,,http://bodegasluisperez.com/,,2026-07-22
Bodegas Lustau,ok,25.65,sin clasificar,baja,"lera Gran Reserva D.O. Jerez Seco 40 % Años 10 Airen Saber Más Brandy Solera Gran Reserva 25,65 € IVA inc. + Brandy Solera Gran Reserva – Family Reserve (50 cl) D.O. Jerez Seco 43 % Años",https://lustau.es/tienda/brandy-de-jerez/lustau-brandy-solera-reserva/,requests,2026-07-22
Bodegas Lustau,ok,84.7,sin clasificar,baja,"rez Seco 43 % Años 25 Airen Saber Más Brandy Solera Gran Reserva – Family Reserve (50 cl) 84,70 € IVA inc. NUESTRA COLECCIÓN VINOS DE JEREZ VERMUT BRANDY DE JEREZ VINAGRE DE JEREZ bodegas",https://lustau.es/tienda/brandy-de-jerez/lustau-brandy-solera-reserva/,requests,2026-07-22
Bodegas Lustau,ok,15.7,sin clasificar,baja,"+ Brandy Solera Reserva D.O. Jerez Seco 40 % Años 3 Airen Saber Más Brandy Solera Reserva 15,70 € IVA inc. + Brandy Solera Gran Reserva – Family Reserve (50 cl) D.O. Jerez Seco 43 % Años",https://lustau.es/tienda/brandy-de-jerez/lustau-brandy-solera-gran-reserva/,requests,2026-07-22
Bodegas Manuel Aragón,ok,26.0,visita + cata,alta,"nos varietales Add to Wishlist  Volver atrás Go back Geh zurück   V Cata Puesta de Sol 26,00 € Impuestos incluidos V Cata Puesta de Sol en la Bodega (4 Julio 20:30 h.) Bodega de Campan",https://www.bodegamanuelaragon.com/es/inicio/188-v-cata-puesta-de-sol.html,navegador,2026-07-22
Bodegas Manuel Aragón,ok,6.98,sin clasificar,baja,"os vinos y productos gourmet Add to Wishlist Sin Stock Vinos Tranquilos SEÑORÍO DE GALDÓN 6,98 € Variedad de uva: Moscatel de Alejandría Tipo de Vino: Blanco Semidulce Monovarietal Mosca",https://www.bodegamanuelaragon.com/es/inicio/188-v-cata-puesta-de-sol.html,navegador,2026-07-22
Bodegas Manuel Aragón,ok,3.5,sin clasificar,baja,"dor: A-626-CA(ES) Add to Wishlist Sin Stock Productos Gourmet PIMIENTOS ASADOS CAMPO RICO 3,50 € 1 Productos relacionados por marca Add to Wishlist Productos Gourmet LOMO DE ATÚN DE ALET",https://www.bodegamanuelaragon.com/es/inicio/188-v-cata-puesta-de-sol.html,navegador,2026-07-22
Bodegas Manuel Aragón,ok,16.25,cata premium,alta,"marca Add to Wishlist Productos Gourmet LOMO DE ATÚN DE ALETA AMARILLA DE 942 Gr. HERPAC 16,25 € Add to Wishlist Visitas a la Bodega Visita Bodega Premium + Menú 87,00 € La visita se com",https://www.bodegamanuelaragon.com/es/inicio/188-v-cata-puesta-de-sol.html,navegador,2026-07-22
Bodegas Manuel Aragón,ok,87.0,cata premium,alta,"E 942 Gr. HERPAC 16,25 € Add to Wishlist Visitas a la Bodega Visita Bodega Premium + Menú 87,00 € La visita se compone de: - Recorrido por Viñas y Zona de Elaboración, - Visita a la Soler",https://www.bodegamanuelaragon.com/es/inicio/188-v-cata-puesta-de-sol.html,navegador,2026-07-22
Bodegas Manuel Aragón,ok,9.4,sin clasificar,baja,"Teléfono: 666 997 921 Add to Wishlist Sin Stock D.O. Jerez-Xérèz-Sherry MOSCATEL NARANJA 9,40 € Tipo de Vino: Moscatel Variedad de uva: Moscatel de Alejandría Monovarietal Grado Alcohól",https://www.bodegamanuelaragon.com/es/inicio/188-v-cata-puesta-de-sol.html,navegador,2026-07-22
Bodegas Manuel Aragón,ok,19.8,visita,alta,"años. Add to Wishlist Visitas a la Bodega Entrada Visita Estándar Bodega Campano y Viñas 19,80 € LA FECHA Y HORA DE LA VISITA DEBE RESERVARSE CON LA BODEGA MANUEL ARAGÓN A TRAVÉS DE: vis",https://www.bodegamanuelaragon.com/es/inicio/188-v-cata-puesta-de-sol.html,navegador,2026-07-22
Bodegas Manuel Aragón,ok,8.4,sin clasificar,baja,"nuelaragon.com 666 997 921 Add to Wishlist Sin Stock D.O. Jerez-Xérèz-Sherry FINO GRANERO 8,40 € Variedad de uva: Palomino Fino Tipo de Vino: Generoso D.0.: Jerez Xérèz-Sherry Grado Alco",https://www.bodegamanuelaragon.com/es/inicio/188-v-cata-puesta-de-sol.html,navegador,2026-07-22
Bodegas Manuel Aragón,ok,59.8,visita,alta,"ad Media Solera: 5 años Add to Wishlist Visitas a la Bodega Visita Bodega Estándar + Menú 59,80 € La visita se compone de: - Recorrido por Viñas y Zona de Elaboración - Visita a la Solera",https://www.bodegamanuelaragon.com/es/inicio/188-v-cata-puesta-de-sol.html,navegador,2026-07-22
Bodegas Manuel Aragón,ok,10.29,sin clasificar,baja,"gon.com 666 997 921 Add to Wishlist Sin Stock D.O. Jerez-Xérèz-Sherry MOSCATEL LOS CUATRO 10,29 € Tipo de Vino: Vino Dulce Natural Variedad de uva: Moscatel de Alejandría D.0.: Jerez Xérè",https://www.bodegamanuelaragon.com/es/inicio/188-v-cata-puesta-de-sol.html,navegador,2026-07-22
Bodegas Manuel Aragón,ok,16.25,cata premium,alta,"8 años Add to Wishlist Productos Gourmet LOMO DE ATÚN DE ALETA AMARILLA DE 942 Gr. HERPAC 16,25 € Add to Wishlist Visitas a la Bodega Visita Bodega Premium + Menú 87,00 € La visita se com",https://www.bodegamanuelaragon.com/es/inicio/188-v-cata-puesta-de-sol.html,navegador,2026-07-22
Bodegas Miguel Domecq – Entrechuelos,ok,25.0,visita + cata,alta,"on Entrechuelos Chardonnay , Entrechuelos Rosado , Entrechuelos Tercer Año y Brut Talayón 25€ por persona Duración de 1,5 horas Reserva tu visita Visita con cata y aperitivo Visita es",https://migueldomecq.com/enoturismo/visitar-bodega/,requests,2026-07-22
Bodegas Miguel Domecq – Entrechuelos,ok,35.0,visita con gastronomía/maridaje,alta,"vinos con productos tradicionales de calidad de la Tierra de Cádiz en forma de aperitivo 35€ por persona Duración de 2 horas Reserva tu visita Visita con cata, aperitivo y almuerzo V",https://migueldomecq.com/enoturismo/visitar-bodega/,requests,2026-07-22
Bodegas Osborne,sin_precio,,,,,https://www.osborne.es/es/,,2026-07-22
Bodegas Páez Morilla,ok,15.0,visita + cata,alta,Jerez Cata de nuestros dos buques insignia: Tierra Blanca seco y Tierra Blanca semidulce 15 €/PERSONA (DESCUENTO DEL 50 % PARA MENORES DE 18 AÑOS ACOMPAÑADOS POR UN ADULTO) visita bod,https://www.bodegaspaezmorilla.net/visitas,requests,2026-07-22
Bodegas Páez Morilla,ok,24.0,visita + cata,alta,erez Bodega Santa Lucía (Museo): incluye lo descrito en VISITA MUSEO + CATA TIERRA BLANCA 24 €/PERSONA (DESCUENTO DEL 50 % PARA MENORES DE 18 AÑOS ACOMPAÑADOS POR UN ADULTO) VISITA MIX,https://www.bodegaspaezmorilla.net/visitas,requests,2026-07-22
Bodegas Páez Morilla,ok,35.0,visita + cata,alta,MIXTA Tonelería + Bodega de Sherry Casks + bodega de vinagre de Jerez+ cata Tierra Blanca 35 €/PERSONA (DESCUENTO DEL 50 % PARA MENORES DE 18 AÑOS ACOMPAÑADOS POR UN ADULTO) visita bod,https://www.bodegaspaezmorilla.net/visitas,requests,2026-07-22
Bodegas Páez Morilla,ok,20.0,visita,alta,rez SOLO BAJO RESERVA PREVIA Escríbanos a visitas@paezmorilla.com o llame al 956 18 17 17 20 €/PERSONA (DESCUENTO DEL 50 % PARA MENORES DE 18 AÑOS ACOMPAÑADOS POR UN ADULTO) Reserva tu,https://www.bodegaspaezmorilla.net/visitas,requests,2026-07-22
Bodegas Real Tesoro & Valdespino,ok,6.75,sin clasificar,baja,"y de Andalucía. Anterior Siguiente 1 2 3 4 Destacados en nuestra Tienda Online Deliciosa 6,75 € - 10,90 € Rango de precios: desde 6,75€ hasta 10,90€ Inocente en Rama 8,95 € - 14,50 € Ra",https://www.grupoestevez.es/instalaciones.cfm,navegador,2026-07-22
Bodegas Real Tesoro & Valdespino,ok,10.9,sin clasificar,baja,"alucía. Anterior Siguiente 1 2 3 4 Destacados en nuestra Tienda Online Deliciosa 6,75 € - 10,90 € Rango de precios: desde 6,75€ hasta 10,90€ Inocente en Rama 8,95 € - 14,50 € Rango de pre",https://www.grupoestevez.es/instalaciones.cfm,navegador,2026-07-22
Bodegas Real Tesoro & Valdespino,ok,6.75,sin clasificar,baja,"4 Destacados en nuestra Tienda Online Deliciosa 6,75 € - 10,90 € Rango de precios: desde 6,75€ hasta 10,90€ Inocente en Rama 8,95 € - 14,50 € Rango de precios: desde 8,95€ hasta 14,50€",https://www.grupoestevez.es/instalaciones.cfm,navegador,2026-07-22
Bodegas Real Tesoro & Valdespino,ok,10.9,sin clasificar,baja,"s en nuestra Tienda Online Deliciosa 6,75 € - 10,90 € Rango de precios: desde 6,75€ hasta 10,90€ Inocente en Rama 8,95 € - 14,50 € Rango de precios: desde 8,95€ hasta 14,50€ Tio Diego 17",https://www.grupoestevez.es/instalaciones.cfm,navegador,2026-07-22
Bodegas Real Tesoro & Valdespino,ok,8.95,sin clasificar,baja,"ne Deliciosa 6,75 € - 10,90 € Rango de precios: desde 6,75€ hasta 10,90€ Inocente en Rama 8,95 € - 14,50 € Rango de precios: desde 8,95€ hasta 14,50€ Tio Diego 17,95 € Deliciosa en Rama",https://www.grupoestevez.es/instalaciones.cfm,navegador,2026-07-22
Bodegas Real Tesoro & Valdespino,ok,14.5,sin clasificar,baja,"osa 6,75 € - 10,90 € Rango de precios: desde 6,75€ hasta 10,90€ Inocente en Rama 8,95 € - 14,50 € Rango de precios: desde 8,95€ hasta 14,50€ Tio Diego 17,95 € Deliciosa en Rama 9,50 € P.X",https://www.grupoestevez.es/instalaciones.cfm,navegador,2026-07-22
Bodegas Real Tesoro & Valdespino,ok,8.95,sin clasificar,baja,"ecios: desde 6,75€ hasta 10,90€ Inocente en Rama 8,95 € - 14,50 € Rango de precios: desde 8,95€ hasta 14,50€ Tio Diego 17,95 € Deliciosa en Rama 9,50 € P.X. El Candado 17,95 € Viejo C.P",https://www.grupoestevez.es/instalaciones.cfm,navegador,2026-07-22
Bodegas Real Tesoro & Valdespino,ok,14.5,sin clasificar,baja,"6,75€ hasta 10,90€ Inocente en Rama 8,95 € - 14,50 € Rango de precios: desde 8,95€ hasta 14,50€ Tio Diego 17,95 € Deliciosa en Rama 9,50 € P.X. El Candado 17,95 € Viejo C.P. 59,95 € Car",https://www.grupoestevez.es/instalaciones.cfm,navegador,2026-07-22
Bodegas Real Tesoro & Valdespino,ok,17.95,sin clasificar,baja,"0€ Inocente en Rama 8,95 € - 14,50 € Rango de precios: desde 8,95€ hasta 14,50€ Tio Diego 17,95 € Deliciosa en Rama 9,50 € P.X. El Candado 17,95 € Viejo C.P. 59,95 € Cardenal 145,00 € Ton",https://www.grupoestevez.es/instalaciones.cfm,navegador,2026-07-22
Bodegas Real Tesoro & Valdespino,ok,9.5,sin clasificar,baja,"- 14,50 € Rango de precios: desde 8,95€ hasta 14,50€ Tio Diego 17,95 € Deliciosa en Rama 9,50 € P.X. El Candado 17,95 € Viejo C.P. 59,95 € Cardenal 145,00 € Toneles 240,00 € Ojo de Gall",https://www.grupoestevez.es/instalaciones.cfm,navegador,2026-07-22
Bodegas Real Tesoro & Valdespino,ok,17.95,sin clasificar,baja,"cios: desde 8,95€ hasta 14,50€ Tio Diego 17,95 € Deliciosa en Rama 9,50 € P.X. El Candado 17,95 € Viejo C.P. 59,95 € Cardenal 145,00 € Toneles 240,00 € Ojo de Gallo 9,95 € Nº 3 London Dry",https://www.grupoestevez.es/instalaciones.cfm,navegador,2026-07-22
Bodegas Real Tesoro & Valdespino,ok,59.95,sin clasificar,baja,"asta 14,50€ Tio Diego 17,95 € Deliciosa en Rama 9,50 € P.X. El Candado 17,95 € Viejo C.P. 59,95 € Cardenal 145,00 € Toneles 240,00 € Ojo de Gallo 9,95 € Nº 3 London Dry Gin 40,00 € La Gui",https://www.grupoestevez.es/instalaciones.cfm,navegador,2026-07-22
Bodegas Real Tesoro & Valdespino,ok,145.0,sin clasificar,baja,"iego 17,95 € Deliciosa en Rama 9,50 € P.X. El Candado 17,95 € Viejo C.P. 59,95 € Cardenal 145,00 € Toneles 240,00 € Ojo de Gallo 9,95 € Nº 3 London Dry Gin 40,00 € La Guita 3,75 € - 6,95 €",https://www.grupoestevez.es/instalaciones.cfm,navegador,2026-07-22
Bodegas Real Tesoro & Valdespino,ok,240.0,sin clasificar,baja,"ciosa en Rama 9,50 € P.X. El Candado 17,95 € Viejo C.P. 59,95 € Cardenal 145,00 € Toneles 240,00 € Ojo de Gallo 9,95 € Nº 3 London Dry Gin 40,00 € La Guita 3,75 € - 6,95 € Rango de precios",https://www.grupoestevez.es/instalaciones.cfm,navegador,2026-07-22
Bodegas Real Tesoro & Valdespino,ok,9.95,sin clasificar,baja,".X. El Candado 17,95 € Viejo C.P. 59,95 € Cardenal 145,00 € Toneles 240,00 € Ojo de Gallo 9,95 € Nº 3 London Dry Gin 40,00 € La Guita 3,75 € - 6,95 € Rango de precios: desde 3,75€ hasta",https://www.grupoestevez.es/instalaciones.cfm,navegador,2026-07-22
Bodegas Real Tesoro & Valdespino,ok,40.0,sin clasificar,baja,"o C.P. 59,95 € Cardenal 145,00 € Toneles 240,00 € Ojo de Gallo 9,95 € Nº 3 London Dry Gin 40,00 € La Guita 3,75 € - 6,95 € Rango de precios: desde 3,75€ hasta 6,95€ Derby 6,95 € Actualida",https://www.grupoestevez.es/instalaciones.cfm,navegador,2026-07-22
Bodegas Real Tesoro & Valdespino,ok,3.75,sin clasificar,baja,"rdenal 145,00 € Toneles 240,00 € Ojo de Gallo 9,95 € Nº 3 London Dry Gin 40,00 € La Guita 3,75 € - 6,95 € Rango de precios: desde 3,75€ hasta 6,95€ Derby 6,95 € Actualidad VALDESPINO REF",https://www.grupoestevez.es/instalaciones.cfm,navegador,2026-07-22
Bodegas Real Tesoro & Valdespino,ok,6.95,sin clasificar,baja,"5,00 € Toneles 240,00 € Ojo de Gallo 9,95 € Nº 3 London Dry Gin 40,00 € La Guita 3,75 € - 6,95 € Rango de precios: desde 3,75€ hasta 6,95€ Derby 6,95 € Actualidad VALDESPINO REFUERZA LA",https://www.grupoestevez.es/instalaciones.cfm,navegador,2026-07-22
Bodegas Real Tesoro & Valdespino,ok,3.75,sin clasificar,baja,"Gallo 9,95 € Nº 3 London Dry Gin 40,00 € La Guita 3,75 € - 6,95 € Rango de precios: desde 3,75€ hasta 6,95€ Derby 6,95 € Actualidad VALDESPINO REFUERZA LA AUTENTICIDAD DE SU FINO INOCEN",https://www.grupoestevez.es/instalaciones.cfm,navegador,2026-07-22
Bodegas Real Tesoro & Valdespino,ok,6.95,sin clasificar,baja,"Nº 3 London Dry Gin 40,00 € La Guita 3,75 € - 6,95 € Rango de precios: desde 3,75€ hasta 6,95€ Derby 6,95 € Actualidad VALDESPINO REFUERZA LA AUTENTICIDAD DE SU FINO INOCENTE EMBOTELLÁ",https://www.grupoestevez.es/instalaciones.cfm,navegador,2026-07-22
Bodegas Real Tesoro & Valdespino,ok,6.95,sin clasificar,baja,"Dry Gin 40,00 € La Guita 3,75 € - 6,95 € Rango de precios: desde 3,75€ hasta 6,95€ Derby 6,95 € Actualidad VALDESPINO REFUERZA LA AUTENTICIDAD DE SU FINO INOCENTE EMBOTELLÁNDOLO EXCLUSI",https://www.grupoestevez.es/instalaciones.cfm,navegador,2026-07-22
Bodegas Real Tesoro & Valdespino,ok,40.0,visita,alta,"ia, su tradición, sus soleras centenarias Precios - Visita adultos (a partir de 18 años): 40€/persona. - Visita niños (de 12 a 17 años): 15€/persona. El precio incluye - Visita en cas",https://www.grupoestevez.es/visita-el-alma-de-la-bodega/,navegador,2026-07-22
Bodegas Real Tesoro & Valdespino,ok,15.0,visita + cata,alta,os - Visita adultos (a partir de 18 años): 40€/persona. - Visita niños (de 12 a 17 años): 15€/persona. El precio incluye - Visita en castellano a bodega y pinacoteca. - Cata de vinos,https://www.grupoestevez.es/visita-el-alma-de-la-bodega/,navegador,2026-07-22
Bodegas Real Tesoro & Valdespino,ok,40.0,visita,alta,rá un nuevo BONO especificando la fecha de disfrute. 0€ Visita adulto A partir de 18 años 40 € 40 € 0 1 2 3 4 5 6 7 8 9 10 11 12 13 14 15 16 17 18 19 20 21 22 23 24 25 26 27 28 29 30 3,https://www.grupoestevez.es/visita-el-alma-de-la-bodega/,navegador,2026-07-22
Bodegas Real Tesoro & Valdespino,ok,40.0,visita,alta,nuevo BONO especificando la fecha de disfrute. 0€ Visita adulto A partir de 18 años 40 € 40 € 0 1 2 3 4 5 6 7 8 9 10 11 12 13 14 15 16 17 18 19 20 21 22 23 24 25 26 27 28 29 30 31 32,https://www.grupoestevez.es/visita-el-alma-de-la-bodega/,navegador,2026-07-22
Bodegas Real Tesoro & Valdespino,ok,15.0,visita,alta,186 187 188 189 190 191 192 193 194 195 196 197 198 199 0€ 0€ Visita niño De 12 a 17 años 15 € 15 € 0 1 2 3 4 5 6 7 8 9 10 11 12 13 14 15 16 17 18 19 20 21 22 23 24 25 26 27 28 29 30 3,https://www.grupoestevez.es/visita-el-alma-de-la-bodega/,navegador,2026-07-22
Bodegas Real Tesoro & Valdespino,ok,15.0,visita,alta,87 188 189 190 191 192 193 194 195 196 197 198 199 0€ 0€ Visita niño De 12 a 17 años 15 € 15 € 0 1 2 3 4 5 6 7 8 9 10 11 12 13 14 15 16 17 18 19 20 21 22 23 24 25 26 27 28 29 30 31 32,https://www.grupoestevez.es/visita-el-alma-de-la-bodega/,navegador,2026-07-22
Bodegas Rey Fernando De Castilla,sin_precio,,,,,http://fernandodecastilla.es/,,2026-07-22
Bodegas Tradición,ok,60.0,visita,alta,itas Tienda online ES EN Visita Tradición Duración: 90 minutos Personas: 10 máximo Precio 60€ por persona Duración: 90 minutos Personas: 10 máximo Precio 60€ por persona En Bodegas Tr,https://bodegastradicion.es/index.php/visitas/,requests,2026-07-22
Bodegas Tradición,ok,60.0,sin clasificar,baja,"ersonas: 10 máximo Precio 60€ por persona Duración: 90 minutos Personas: 10 máximo Precio 60€ por persona En Bodegas Tradición se combinan vino y pintura, dos formas de disfrutar de a",https://bodegastradicion.es/index.php/visitas/,requests,2026-07-22
Bodegas Tradición,ok,315.0,visita,alta,único. Visita Profesional / Técnica Duración: 2 a 3 horas Personas: personalizado Precio 315€ por persona Duración: 2 a 3 horas Personas: personalizado Precio 300€ por persona Pensada,https://bodegastradicion.es/index.php/visitas/,requests,2026-07-22
Bodegas Tradición,ok,300.0,sin clasificar,baja,ersonalizado Precio 315€ por persona Duración: 2 a 3 horas Personas: personalizado Precio 300€ por persona Pensada para profesionales del sector o personas que quieren profundizar en e,https://bodegastradicion.es/index.php/visitas/,requests,2026-07-22
Bodegas Williams & Humbert Sau,spa,,,,,https://www.williams-humbert.com/,,2026-07-22
Bodegas Álvaro Domecq,sin_precio,,,,,https://www.alvarodomecq.com/,,2026-07-22
Cooperativa Agrícola Virgen De Palomares,sin_precio,,,,,https://vinosdetrebujena.com/visitas-y-catas/,,2026-07-22
Cooperativa De Viticultores Chiclaneros,sin_precio,,,,,https://www.bodegacooperativa.com/content/10-la-bodega,,2026-07-22
Covisan – Cooperativa Vitivinícola Sanluqueña,sin_precio,,,,,https://covisan.net/,,2026-07-22
Finca La Pintora,ok,50.0,visita con gastronomía/maridaje,alta,"vinos. Descubre nuestros Productos Experiencia enogastronómica CATA MARIDADA 26 DE JUNIO 50,00 € IVA incl. ¡Oferta! Packs – Tintilla & Vermouth 71,50 € El precio original era: 71,50€. 65",https://www.fincalapintora.com/,requests,2026-07-22
Finca La Pintora,ok,71.5,visita + cata,alta,"ronómica CATA MARIDADA 26 DE JUNIO 50,00 € IVA incl. ¡Oferta! Packs – Tintilla & Vermouth 71,50 € El precio original era: 71,50€. 65,00 € El precio actual es: 65,00€. IVA incl. Packs – De",https://www.fincalapintora.com/,requests,2026-07-22
Finca La Pintora,ok,71.5,sin clasificar,baja,"IO 50,00 € IVA incl. ¡Oferta! Packs – Tintilla & Vermouth 71,50 € El precio original era: 71,50€. 65,00 € El precio actual es: 65,00€. IVA incl. Packs – Descubrimiento 90,00 € IVA incl.",https://www.fincalapintora.com/,requests,2026-07-22
Finca La Pintora,ok,65.0,sin clasificar,baja,"€ IVA incl. ¡Oferta! Packs – Tintilla & Vermouth 71,50 € El precio original era: 71,50€. 65,00 € El precio actual es: 65,00€. IVA incl. Packs – Descubrimiento 90,00 € IVA incl. Regala En",https://www.fincalapintora.com/,requests,2026-07-22
Finca La Pintora,ok,65.0,sin clasificar,baja,"Tintilla & Vermouth 71,50 € El precio original era: 71,50€. 65,00 € El precio actual es: 65,00€. IVA incl. Packs – Descubrimiento 90,00 € IVA incl. Regala Enoturismo: Un viaje sensorial",https://www.fincalapintora.com/,requests,2026-07-22
Finca La Pintora,ok,90.0,sin clasificar,baja,"iginal era: 71,50€. 65,00 € El precio actual es: 65,00€. IVA incl. Packs – Descubrimiento 90,00 € IVA incl. Regala Enoturismo: Un viaje sensorial entre viñedos 0,00 € - 70,00 € Rango de p",https://www.fincalapintora.com/,requests,2026-07-22
Finca La Pintora,ok,70.0,sin clasificar,baja,"ubrimiento 90,00 € IVA incl. Regala Enoturismo: Un viaje sensorial entre viñedos 0,00 € - 70,00 € Rango de precios: desde 0,00€ hasta 70,00€ IVA incl. Packs – Chardonnay 38,85 € - 77,70 €",https://www.fincalapintora.com/,requests,2026-07-22
Finca La Pintora,ok,70.0,sin clasificar,baja,"mo: Un viaje sensorial entre viñedos 0,00 € - 70,00 € Rango de precios: desde 0,00€ hasta 70,00€ IVA incl. Packs – Chardonnay 38,85 € - 77,70 € Rango de precios: desde 38,85€ hasta 77,70",https://www.fincalapintora.com/,requests,2026-07-22
Finca La Pintora,ok,38.85,sin clasificar,baja,"0,00 € - 70,00 € Rango de precios: desde 0,00€ hasta 70,00€ IVA incl. Packs – Chardonnay 38,85 € - 77,70 € Rango de precios: desde 38,85€ hasta 77,70€ IVA incl. ¡Oferta! Packs – Tintilla",https://www.fincalapintora.com/,requests,2026-07-22
Finca La Pintora,ok,77.7,sin clasificar,baja,"70,00 € Rango de precios: desde 0,00€ hasta 70,00€ IVA incl. Packs – Chardonnay 38,85 € - 77,70 € Rango de precios: desde 38,85€ hasta 77,70€ IVA incl. ¡Oferta! Packs – Tintilla de Rota 6",https://www.fincalapintora.com/,requests,2026-07-22
Finca La Pintora,ok,38.85,sin clasificar,baja,"0,00€ hasta 70,00€ IVA incl. Packs – Chardonnay 38,85 € - 77,70 € Rango de precios: desde 38,85€ hasta 77,70€ IVA incl. ¡Oferta! Packs – Tintilla de Rota 65,00 € - 172,00 € Rango de prec",https://www.fincalapintora.com/,requests,2026-07-22
Finca La Pintora,ok,77.7,sin clasificar,baja,"0,00€ IVA incl. Packs – Chardonnay 38,85 € - 77,70 € Rango de precios: desde 38,85€ hasta 77,70€ IVA incl. ¡Oferta! Packs – Tintilla de Rota 65,00 € - 172,00 € Rango de precios: desde 65",https://www.fincalapintora.com/,requests,2026-07-22
Finca La Pintora,ok,65.0,sin clasificar,baja,"€ Rango de precios: desde 38,85€ hasta 77,70€ IVA incl. ¡Oferta! Packs – Tintilla de Rota 65,00 € - 172,00 € Rango de precios: desde 65,00€ hasta 172,00€ IVA incl. ¿Dónde nos encontramos?",https://www.fincalapintora.com/,requests,2026-07-22
Finca La Pintora,ok,172.0,sin clasificar,baja,"precios: desde 38,85€ hasta 77,70€ IVA incl. ¡Oferta! Packs – Tintilla de Rota 65,00 € - 172,00 € Rango de precios: desde 65,00€ hasta 172,00€ IVA incl. ¿Dónde nos encontramos? Nuestra Di",https://www.fincalapintora.com/,requests,2026-07-22
Finca La Pintora,ok,65.0,sin clasificar,baja,"0€ IVA incl. ¡Oferta! Packs – Tintilla de Rota 65,00 € - 172,00 € Rango de precios: desde 65,00€ hasta 172,00€ IVA incl. ¿Dónde nos encontramos? Nuestra Dirección Crta. El Bercial Km. 2,",https://www.fincalapintora.com/,requests,2026-07-22
Finca La Pintora,ok,172.0,sin clasificar,baja,"¡Oferta! Packs – Tintilla de Rota 65,00 € - 172,00 € Rango de precios: desde 65,00€ hasta 172,00€ IVA incl. ¿Dónde nos encontramos? Nuestra Dirección Crta. El Bercial Km. 2,5. 11520 Rota,",https://www.fincalapintora.com/,requests,2026-07-22
Finca La Pintora,ok,50.0,visita con gastronomía/maridaje,alta,"DE JUNIO Inicio / Visitas Guiadas / Experiencia enogastronómica CATA MARIDADA 26 DE JUNIO 50,00 € IVA incl. Te invitamos a vivir una experiencia diferente en Finca La Pintora , nuestra pe",https://fincalapintora.com/producto/experiencia-enogastronomica-cata-maridada-26-de-junio/,requests,2026-07-22
Finca La Pintora,ok,70.0,sin clasificar,baja,"edida Productos relacionados Regala Enoturismo: Un viaje sensorial entre viñedos 0,00 € - 70,00 € Rango de precios: desde 0,00€ hasta 70,00€ IVA incl. Finca La Pintora Inicio Sobre la Fin",https://fincalapintora.com/producto/experiencia-enogastronomica-cata-maridada-26-de-junio/,requests,2026-07-22
Finca La Pintora,ok,70.0,visita,alta,"s Inicio / Visitas Guiadas / Regala Enoturismo: Un viaje sensorial entre viñedos 0,00 € - 70,00 € Rango de precios: desde 0,00€ hasta 70,00€ IVA incl. El Alma de Nuestro Viñedo Ecológico",https://fincalapintora.com/producto/experiencias-de-enoturismo/,requests,2026-07-22
Finca La Pintora,ok,50.0,sin clasificar,baja,y auténtica para descubrir el alma de nuestro viñedo. Duración: 3 horas aprox. | Precio: 50€ 2. Para los amantes de la cultura: Enoturismo & Notas Musicales ¿Hay algo mejor que el vi,https://fincalapintora.com/producto/experiencias-de-enoturismo/,requests,2026-07-22
Finca La Pintora,ok,60.0,sin clasificar,baja,"mpaña con música en directo bajo el cielo de la finca. Duración: 4 horas aprox. | Precio: 60€ 3. Para los espíritus creativos: Evento Especial ""Paint & Wine"" El regalo más original. U",https://fincalapintora.com/producto/experiencias-de-enoturismo/,requests,2026-07-22
Finca La Pintora,ok,70.0,visita privada,alta,"iado para que se lleven su propia obra de arte a casa. Duración: 4 horas aprox. | Precio: 70€ 4. Experiencia ""A tu medida"": Eventos Privados y Celebraciones. ¿Quieres regalar algo ver",https://fincalapintora.com/producto/experiencias-de-enoturismo/,requests,2026-07-22
Finca La Pintora,ok,50.0,visita con gastronomía/maridaje,alta,"tos a Medida Productos relacionados Experiencia enogastronómica CATA MARIDADA 26 DE JUNIO 50,00 € IVA incl. Finca La Pintora Inicio Sobre la Finca Tienda Blog Contacto Legal Aviso Legal P",https://fincalapintora.com/producto/experiencias-de-enoturismo/,requests,2026-07-22
Viña El Carmen,spa,,,,,https://vecwines.com/,,2026-07-22
Viña La Torre,ok,50.0,visita + cata,alta,"ÍA ENOTURISMO Catas Eventos e Instalaciones TIENDA BLOG CONTACTO ✕ Catas Sushi en la Viña 50€ Adultos / 30€ Niños Vino, sushi y un cortijo con historia… ¿A qué esperas? Sabemos que te",https://albarizadelatorre.es/enoturismo/catas/,requests,2026-07-22
Viña La Torre,ok,30.0,visita + cata,alta,"Catas Eventos e Instalaciones TIENDA BLOG CONTACTO ✕ Catas Sushi en la Viña 50€ Adultos / 30€ Niños Vino, sushi y un cortijo con historia… ¿A qué esperas? Sabemos que te gusta comer b",https://albarizadelatorre.es/enoturismo/catas/,requests,2026-07-22
Viña La Torre,ok,65.0,sin clasificar,baja,"ue sabes que tienes que hacer. Nos vemos en la viña. Reservar Clases de cocina en la Viña 65€ / Persona Cocina, vino y un cortijo entre viñas… ¿Te lo vas a perder? No es una clase de",https://albarizadelatorre.es/enoturismo/catas/,requests,2026-07-22
Viña La Torre,ok,65.0,sin clasificar,baja,"vienes a cortar, a remover, a brindar y a disfrutar . ¿A qué esperas para apuntarte? Por 65 €, te llevas una noche de sabor, tradición y vino bajo las estrellas. Haz tu reserva y vive",https://albarizadelatorre.es/enoturismo/catas/,requests,2026-07-22
Viña La Torre,ok,30.0,experiencia,alta,"reserva y vive una experiencia que alimenta el alma. Reservar Viña Fest en Viña la Torre 30€ / Persona Música, vino y un festival entre viñas… ¿Te lo vas a perder? No es solo un fest",https://albarizadelatorre.es/enoturismo/catas/,requests,2026-07-22
Viña La Torre,ok,75.0,visita + cata,alta,"erva y ven a celebrar un día que recordarás siempre. Reservar Cata de Burbujas Galanteria 75€ / Persona Cuatro burbujas, un destino único… ¿Listo para brindar? No es una cata cualquie",https://albarizadelatorre.es/enoturismo/catas/,requests,2026-07-22
Viña La Torre,ok,12.0,visita + cata,alta,tu evento y haz que tu celebración sea irrepetible. Contacta con nosotros Viernes de Cata 12€ / Persona La Mejor Forma de Empezar el Fin de Semana ¿Se te ocurre algún plan mejor para,https://albarizadelatorre.es/enoturismo/catas/,requests,2026-07-22
Viña La Torre,ok,45.0,visita con gastronomía/maridaje,alta,añados de un snack. ¡Te esperamos! Reservar Almuerzo/ Cena Visita la bodega y los viñedos 45€ / Persona Descubre el Alma de la Bodega Un festín para los sentidos en el corazón de Viña,https://albarizadelatorre.es/enoturismo/catas/,requests,2026-07-22
Viña La Torre,ok,35.0,visita + cata,alta,"historia, sabor y tradición. Reservar Cata con aperitivo, y 5 de nuestros vinos premiados 35€ / Persona Un Recorrido por la Excelencia Descubre el alma de Albariza de la Torre en una",https://albarizadelatorre.es/enoturismo/catas/,requests,2026-07-22
